Year,Gear,Area,a1,a2,a3,a4,a5,a6,a7,a8,a9,a10,Stock
1985,6,1,0,0.10840659,0.19742932,0.1970878,0.1454516,0.10151384,0.0746806,0.06107624,0.05636094,0.05799308,Agg
1986,6,1,0.51844828,0.23538323,0.08495618,0.0485448,0.03283728,0.02431129,0.01851495,0.01462233,0.01203713,0.01034452,Agg
1987,6,1,0.34483314,0.22273117,0.16755097,0.09520613,0.05449973,0.03484884,0.02549926,0.02070148,0.01792098,0.01620831,Agg
1988,6,1,0.94152212,0.02331174,0.00736493,0.00770001,0.00607779,0.00442165,0.00326901,0.00252807,0.00205439,0.0017503,Agg
1989,6,1,0.7179524,0.13480582,0.04143611,0.02921041,0.02177703,0.01656675,0.01272314,0.01007697,0.00830773,0.00714363,Agg